Neighborhood,Year,Population,0-9 years,10-19 years,20-34 years,35-54 years,55-64 years,65 years and over,less than High School,High School or GED,Some College or Associate's Degree,Bachelor's Degree or Higher,Foreign Born,White,Black/ African American,Hispanic,Asian/PI,Other,Occupied Housing Units,Owner-occupied,Renter-occupied
Allston,2000,19075,924,2907,11647,2422,566,609,1603,1503,1128,4716,6457,11253,973,2545,3397,907,7292,709,6583
Allston,2001,19398.7,907.9,2954.7,11927.4,2412,586.2,610.5,1543.8,1468.533333,1137.133333,4907.933333,6480.466667,11408.5,983.2,2570.4,3508.3,928.3,7326.6,719.1,6607.5
Allston,2002,19722.4,891.8,3002.4,12207.8,2402,606.4,612,1484.6,1434.066667,1146.266667,5099.866667,6503.933333,11564,993.4,2595.8,3619.6,949.6,7361.2,729.2,6632
Allston,2003,20046.1,875.7,3050.1,12488.2,2392,626.6,613.5,1425.4,1399.6,1155.4,5291.8,6527.4,11719.5,1003.6,2621.2,3730.9,970.9,7395.8,739.3,6656.5
Allston,2004,20369.8,859.6,3097.8,12768.6,2382,646.8,615,1366.2,1365.133333,1164.533333,5483.733333,6550.866667,11875,1013.8,2646.6,3842.2,992.2,7430.4,749.4,6681
Allston,2005,20693.5,843.5,3145.5,13049,2372,667,616.5,1307,1330.666667,1173.666667,5675.666667,6574.333333,12030.5,1024,2672,3953.5,1013.5,7465,759.5,6705.5
Allston,2006,21017.2,827.4,3193.2,13329.4,2362,687.2,618,1247.8,1296.2,1182.8,5867.6,6597.8,12186,1034.2,2697.4,4064.8,1034.8,7499.6,769.6,6730
Allston,2007,21340.9,811.3,3240.9,13609.8,2352,707.4,619.5,1188.6,1261.733333,1191.933333,6059.533333,6621.266667,12341.5,1044.4,2722.8,4176.1,1056.1,7534.2,779.7,6754.5
Allston,2008,21664.6,795.2,3288.6,13890.2,2342,727.6,621,1129.4,1227.266667,1201.066667,6251.466667,6644.733333,12497,1054.6,2748.2,4287.4,1077.4,7568.8,789.8,6779
Allston,2009,21988.3,779.1,3336.3,14170.6,2332,747.8,622.5,1070.2,1192.8,1210.2,6443.4,6668.2,12652.5,1064.8,2773.6,4398.7,1098.7,7603.4,799.9,6803.5
Allston,2010,22312,763,3384,14451,2322,768,624,1011,1158.333333,1219.333333,6635.333333,6691.666667,12808,1075,2799,4510,1120,7638,810,6828
Allston,2011,21722.2,720.4,3245.4,14177.6,2199.8,749.4,629.6,951.8,1123.866667,1228.466667,6827.266667,6715.133333,12345.2,1098.8,2774,4448,1056.2,7401.8,774.2,6627.6
Allston,2012,21132.4,677.8,3106.8,13904.2,2077.6,730.8,635.2,892.6,1089.4,1237.6,7019.2,6738.6,11882.4,1122.6,2749,4386,992.4,7165.6,738.4,6427.2
Allston,2013,20542.6,635.2,2968.2,13630.8,1955.4,712.2,640.8,833.4,1054.933333,1246.733333,7211.133333,6762.066667,11419.6,1146.4,2724,4324,928.6,6929.4,702.6,6226.8
Allston,2014,19952.8,592.6,2829.6,13357.4,1833.2,693.6,646.4,774.2,1020.466667,1255.866667,7403.066667,6785.533333,10956.8,1170.2,2699,4262,864.8,6693.2,666.8,6026.4
Allston,2015,19363,550,2691,13084,1711,675,652,715,986,1265,7595,6809,10494,1194,2674,4200,801,6457,631,5826
Allston,2016,19312,479.5,2690.5,13065,1588.8,656.4,657.6,643,879.5,1254.5,7719.5,4341,10166.5,1146.5,2630,4505.5,863.5,6491.5,713.5,5778
Allston,2017,19261,409,2690,13046,1466.6,637.8,663.2,571,773,1244,7844,1873,9839,1099,2586,4811,926,6526,796,5730
Allston,2018,21142,338.5,2689.5,13027,1344.4,619.2,668.8,499,666.5,1233.5,7968.5,0,10738,1174.666667,2810.333333,5297.666667,1121.333333,7693,878.5,5682
Allston,2019,23023,268,2689,13008,1222.2,600.6,674.4,427,560,1223,8093,0,11637,1250.333333,3034.666667,5784.333333,1316.666667,8860,961,5634
Allston,2020,24904,197.5,2688.5,12989,1100,582,680,355,453.5,1212.5,8217.5,0,12536,1326,3259,6271,1512,10027,1043.5,5586
Brighton,2000,50573,3051,2834,26560,9531,2657,5940,4180,5870,5252,18391,15559,36582,2137,3791,6214,1849,23213,5271,17942
Brighton,2001,50784.2,3012.7,2867.4,26893.3,9415.4,2712,5883.4,4108.466667,5781.933333,5225.933333,18717.66667,15394.4,36599.9,2158.9,3876,6298.4,1851,23188.9,5306.4,17882.5
Brighton,2002,50995.4,2974.4,2900.8,27226.6,9299.8,2767,5826.8,4036.933333,5693.866667,5199.866667,19044.33333,15229.8,36617.8,2180.8,3961,6382.8,1853,23164.8,5341.8,17823
Brighton,2003,51206.6,2936.1,2934.2,27559.9,9184.2,2822,5770.2,3965.4,5605.8,5173.8,19371,15065.2,36635.7,2202.7,4046,6467.2,1855,23140.7,5377.2,17763.5
Brighton,2004,51417.8,2897.8,2967.6,27893.2,9068.6,2877,5713.6,3893.866667,5517.733333,5147.733333,19697.66667,14900.6,36653.6,2224.6,4131,6551.6,1857,23116.6,5412.6,17704
Brighton,2005,51629,2859.5,3001,28226.5,8953,2932,5657,3822.333333,5429.666667,5121.666667,20024.33333,14736,36671.5,2246.5,4216,6636,1859,23092.5,5448,17644.5
Brighton,2006,51840.2,2821.2,3034.4,28559.8,8837.4,2987,5600.4,3750.8,5341.6,5095.6,20351,14571.4,36689.4,2268.4,4301,6720.4,1861,23068.4,5483.4,17585
Brighton,2007,52051.4,2782.9,3067.8,28893.1,8721.8,3042,5543.8,3679.266667,5253.533333,5069.533333,20677.66667,14406.8,36707.3,2290.3,4386,6804.8,1863,23044.3,5518.8,17525.5
Brighton,2008,52262.6,2744.6,3101.2,29226.4,8606.2,3097,5487.2,3607.733333,5165.466667,5043.466667,21004.33333,14242.2,36725.2,2312.2,4471,6889.2,1865,23020.2,5554.2,17466
Brighton,2009,52473.8,2706.3,3134.6,29559.7,8490.6,3152,5430.6,3536.2,5077.4,5017.4,21331,14077.6,36743.1,2334.1,4556,6973.6,1867,22996.1,5589.6,17406.5
Brighton,2010,52685,2668,3168,29893,8375,3207,5374,3464.666667,4989.333333,4991.333333,21657.66667,13913,36761,2356,4641,7058,1869,22972,5625,17347
Brighton,2011,52505,2788.6,3183.2,29394.2,8367.4,3233.6,5538,3393.133333,4901.266667,4965.266667,21984.33333,13748.4,36143.6,2342.2,4834.6,7294.6,1890,22698.6,5523.4,17175.2
Brighton,2012,52325,2909.2,3198.4,28895.4,8359.8,3260.2,5702,3321.6,4813.2,4939.2,22311,13583.8,35526.2,2328.4,5028.2,7531.2,1911,22425.2,5421.8,17003.4
Brighton,2013,52145,3029.8,3213.6,28396.6,8352.2,3286.8,5866,3250.066667,4725.133333,4913.133333,22637.66667,13419.2,34908.8,2314.6,5221.8,7767.8,1932,22151.8,5320.2,16831.6
Brighton,2014,51965,3150.4,3228.8,27897.8,8344.6,3313.4,6030,3178.533333,4637.066667,4887.066667,22964.33333,13254.6,34291.4,2300.8,5415.4,8004.4,1953,21878.4,5218.6,16659.8
Brighton,2015,51785,3271,3244,27399,8337,3340,6194,3107,4549,4861,23291,13090,33674,2287,5609,8241,1974,21605,5117,16488
Brighton,2016,53541,3220.5,3399.5,28290,8339.068734,3340.828784,6195.536973,2578.5,3604.5,4769,14384,19963,33478,19153,3994,7465,5067,22151.5,5166.5,16985
Brighton,2017,55297,3170,3555,29181,8341.136956,3341.657363,6197.073564,2050,2660,4677,5477,26836,33282,36019,2379,6689,8160,22698,5216,17482
Brighton,2018,54213.66667,3170.785821,3555.881259,29188.23376,8343.204665,3342.485736,6198.609775,2050.50818,2660.659395,4678.159395,5478.357709,26842.65245,33086,24817.33333,3378,7360.333333,6393.333333,22643.66667,5217.293009,17486.33366
Brighton,2019,53130.33333,3171.571446,3556.7623,29195.46573,8345.271861,3343.313904,6200.145605,2051.016235,2661.318627,4679.318503,5479.715083,26849.30326,32890,13615.66667,4377,8031.666667,4626.666667,22589.33333,5218.585698,17490.66625
Brighton,2020,52047,3172.356878,3557.643123,29202.69591,8347.338545,3344.141867,6201.681054,2051.524164,2661.977695,4680.477324,5481.072119,26855.95242,32694,2414,5376,8703,2860,22535,5219.878067,17494.99777
Charlestown,2000,15195,1661,1413,5043,4217,1218,1643,1466,2341,1767,5820,2111,11946,539,1764,761,185,7350,3039,4311
Charlestown,2001,15319.4,1675.5,1382.5,5088.1,4262.1,1264.1,1647.1,1463.733333,2327.133333,1764.4,6045.533333,2163.733333,11997.2,561.5,1746.7,819.3,194.7,7418.3,3107,4311.3
Charlestown,2002,15443.8,1690,1352,5133.2,4307.2,1310.2,1651.2,1461.466667,2313.266667,1761.8,6271.066667,2216.466667,12048.4,584,1729.4,877.6,204.4,7486.6,3175,4311.6
Charlestown,2003,15568.2,1704.5,1321.5,5178.3,4352.3,1356.3,1655.3,1459.2,2299.4,1759.2,6496.6,2269.2,12099.6,606.5,1712.1,935.9,214.1,7554.9,3243,4311.9
Charlestown,2004,15692.6,1719,1291,5223.4,4397.4,1402.4,1659.4,1456.933333,2285.533333,1756.6,6722.133333,2321.933333,12150.8,629,1694.8,994.2,223.8,7623.2,3311,4312.2
Charlestown,2005,15817,1733.5,1260.5,5268.5,4442.5,1448.5,1663.5,1454.666667,2271.666667,1754,6947.666667,2374.666667,12202,651.5,1677.5,1052.5,233.5,7691.5,3379,4312.5
Charlestown,2006,15941.4,1748,1230,5313.6,4487.6,1494.6,1667.6,1452.4,2257.8,1751.4,7173.2,2427.4,12253.2,674,1660.2,1110.8,243.2,7759.8,3447,4312.8
Charlestown,2007,16065.8,1762.5,1199.5,5358.7,4532.7,1540.7,1671.7,1450.133333,2243.933333,1748.8,7398.733333,2480.133333,12304.4,696.5,1642.9,1169.1,252.9,7828.1,3515,4313.1
Charlestown,2008,16190.2,1777,1169,5403.8,4577.8,1586.8,1675.8,1447.866667,2230.066667,1746.2,7624.266667,2532.866667,12355.6,719,1625.6,1227.4,262.6,7896.4,3583,4313.4
Charlestown,2009,16314.6,1791.5,1138.5,5448.9,4622.9,1632.9,1679.9,1445.6,2216.2,1743.6,7849.8,2585.6,12406.8,741.5,1608.3,1285.7,272.3,7964.7,3651,4313.7
Charlestown,2010,16439,1806,1108,5494,4668,1679,1684,1443.333333,2202.333333,1741,8075.333333,2638.333333,12458,764,1591,1344,282,8033,3719,4314
Charlestown,2011,16931.4,1929.6,1125.6,5542.8,4797.4,1796.8,1739.2,1441.066667,2188.466667,1738.4,8300.866667,2691.066667,12733.4,831.8,1720.4,1346,299.8,8212.6,3788.8,4423.8
Charlestown,2012,17423.8,2053.2,1143.2,5591.6,4926.8,1914.6,1794.4,1438.8,2174.6,1735.8,8526.4,2743.8,13008.8,899.6,1849.8,1348,317.6,8392.2,3858.6,4533.6
Charlestown,2013,17916.2,2176.8,1160.8,5640.4,5056.2,2032.4,1849.6,1436.533333,2160.733333,1733.2,8751.933333,2796.533333,13284.2,967.4,1979.2,1350,335.4,8571.8,3928.4,4643.4
Charlestown,2014,18408.6,2300.4,1178.4,5689.2,5185.6,2150.2,1904.8,1434.266667,2146.866667,1730.6,8977.466667,2849.266667,13559.6,1035.2,2108.6,1352,353.2,8751.4,3998.2,4753.2
Charlestown,2015,18901,2424,1196,5738,5315,2268,1960,1432,2133,1728,9203,2902,13835,1103,2238,1354,371,8931,4068,4863
Charlestown,2016,19395.5,2701,1189,5670.5,5316.318859,2268.562779,1960.486352,1312,2097.5,1692,9681,2353.5,14263.5,1061,2218,1483.5,369.5,9046.5,4184,4862.5
Charlestown,2017,19890,2978,1182,5603,5317.63739,2269.125419,1960.972584,1192,2062,1656,10159,1805,14692,1019,2198,1613,368,9162,4300,4862
Charlestown,2018,19633.33333,2978.738225,1182.293009,5604.388944,5318.955595,2269.687919,1961.458695,1192.295488,2062.511155,1656.410511,10161.51834,1805.447447,14336.66667,1009.333333,2157,1625.333333,505,9085.333333,4301.06594,4863.205255
Charlestown,2019,19376.66667,2979.476267,1182.585946,5605.777544,5320.273473,2270.25028,1961.944686,1192.590903,2063.022184,1656.82092,10164.03606,1805.894783,13981.33333,999.6666667,2116,1637.666667,642,9008.666667,4302.131615,4864.410212
Charlestown,2020,19120,2980.214127,1182.878811,5607.1658,5321.591024,2270.812501,1962.430556,1192.886245,2063.533086,1657.231227,10166.55316,1806.342008,13626,990,2075,1650,779,8932,4303.197026,4865.61487
Dorchester,2000,118875,19249,19961,29798,31422,8509,9936,20297,21891,16152,12352,36279,28924,53329,16277,9896,10449,40589,13423,27166
Dorchester,2001,118412.4,18878.6,19685.9,29662.6,31373.9,8794.7,10016.7,20040.26667,22188.4,16383.53333,12968.4,36744.46667,28563.8,52910.5,16590,9970.1,10378,40653.8,13500.8,27153
Dorchester,2002,117949.8,18508.2,19410.8,29527.2,31325.8,9080.4,10097.4,19783.53333,22485.8,16615.06667,13584.8,37209.93333,28203.6,52492,16903,10044.2,10307,40718.6,13578.6,27140
Dorchester,2003,117487.2,18137.8,19135.7,29391.8,31277.7,9366.1,10178.1,19526.8,22783.2,16846.6,14201.2,37675.4,27843.4,52073.5,17216,10118.3,10236,40783.4,13656.4,27127
Dorchester,2004,117024.6,17767.4,18860.6,29256.4,31229.6,9651.8,10258.8,19270.06667,23080.6,17078.13333,14817.6,38140.86667,27483.2,51655,17529,10192.4,10165,40848.2,13734.2,27114
Dorchester,2005,116562,17397,18585.5,29121,31181.5,9937.5,10339.5,19013.33333,23378,17309.66667,15434,38606.33333,27123,51236.5,17842,10266.5,10094,40913,13812,27101
Dorchester,2006,116099.4,17026.6,18310.4,28985.6,31133.4,10223.2,10420.2,18756.6,23675.4,17541.2,16050.4,39071.8,26762.8,50818,18155,10340.6,10023,40977.8,13889.8,27088
Dorchester,2007,115636.8,16656.2,18035.3,28850.2,31085.3,10508.9,10500.9,18499.86667,23972.8,17772.73333,16666.8,39537.26667,26402.6,50399.5,18468,10414.7,9952,41042.6,13967.6,27075
Dorchester,2008,115174.2,16285.8,17760.2,28714.8,31037.2,10794.6,10581.6,18243.13333,24270.2,18004.26667,17283.2,40002.73333,26042.4,49981,18781,10488.8,9881,41107.4,14045.4,27062
Dorchester,2009,114711.6,15915.4,17485.1,28579.4,30989.1,11080.3,10662.3,17986.4,24567.6,18235.8,17899.6,40468.2,25682.2,49562.5,19094,10562.9,9810,41172.2,14123.2,27049
Dorchester,2010,114249,15545,17210,28444,30941,11366,10743,17729.66667,24865,18467.33333,18516,40933.66667,25322,49144,19407,10637,9739,41237,14201,27036
Dorchester,2011,116588.6,15490,17044.2,29815.4,31295.6,11702.2,11241.2,17472.93333,25162.4,18698.86667,19132.4,41399.13333,25679.6,50747,20083.2,10888.8,9190,41806.8,14428.8,27378
Dorchester,2012,118928.2,15435,16878.4,31186.8,31650.2,12038.4,11739.4,17216.2,25459.8,18930.4,19748.8,41864.6,26037.2,52350,20759.4,11140.6,8641,42376.6,14656.6,27720
Dorchester,2013,121267.8,15380,16712.6,32558.2,32004.8,12374.6,12237.6,16959.46667,25757.2,19161.93333,20365.2,42330.06667,26394.8,53953,21435.6,11392.4,8092,42946.4,14884.4,28062
Dorchester,2014,123607.4,15325,16546.8,33929.6,32359.4,12710.8,12735.8,16702.73333,26054.6,19393.46667,20981.6,42795.53333,26752.4,55556,22111.8,11644.2,7543,43516.2,15112.2,28404
Dorchester,2015,125947,15270,16381,35301,32714,13047,13234,16446,26352,19625,21598,43261,27110,57159,22788,11896,6994,44086,15340,28746
Dorchester,2016,126428,15187,16438.5,35536,32722.11762,13050.23747,13237.28387,15947.5,26024.5,19641,23403.5,33796,27677,56473,24038,12218,6022,44193.5,15672.5,28521
Dorchester,2017,126909,15104,16496,35771,32730.23322,13053.47414,13240.56693,15449,25697,19657,25209,24331,28244,55787,25288,12540,5050,44301,16005,28296
Dorchester,2018,125336.3333,15107.74417,16500.08924,35779.86738,32738.34682,13056.71,13243.84917,15452.8297,25703.3701,19661.87283,25215.24913,24337.03148,27966.33333,51429.33333,25287,12813.33333,7840.333333,44475,16008.96753,28303.01438
Dorchester,2019,123763.6667,15111.48742,16504.17747,35788.73256,32746.4584,13059.94506,13247.1306,15456.65845,25709.73863,19666.74445,25221.49672,24343.06147,27688.66667,47071.66667,25286,13086.66667,10630.66667,44649,16012.93407,28310.02702
Dorchester,2020,122191,15115.22974,16508.26469,35797.59554,32754.56797,13063.17932,13250.41122,15460.48625,25716.10558,19671.61487,25227.74275,24349.08997,27411,42714,25285,13360,13421,44823,16016.89963,28317.03792
Downtown,2000,11438,603,1277,3325,3039,1040,2154,2789,1150,844,3450,4372,6089,432,451,4277,189,5183,1245,3938
Downtown,2001,11893.4,614.4,1405.4,3501.2,3095.4,1110.7,2166.3,2755.733333,1153.266667,872.9333333,3722.133333,4471.8,6406.2,459.4,481.8,4342.6,203.4,5352.3,1317.6,4034.7
Downtown,2002,12348.8,625.8,1533.8,3677.4,3151.8,1181.4,2178.6,2722.466667,1156.533333,901.8666667,3994.266667,4571.6,6723.4,486.8,512.6,4408.2,217.8,5521.6,1390.2,4131.4
Downtown,2003,12804.2,637.2,1662.2,3853.6,3208.2,1252.1,2190.9,2689.2,1159.8,930.8,4266.4,4671.4,7040.6,514.2,543.4,4473.8,232.2,5690.9,1462.8,4228.1
Downtown,2004,13259.6,648.6,1790.6,4029.8,3264.6,1322.8,2203.2,2655.933333,1163.066667,959.7333333,4538.533333,4771.2,7357.8,541.6,574.2,4539.4,246.6,5860.2,1535.4,4324.8
Downtown,2005,13715,660,1919,4206,3321,1393.5,2215.5,2622.666667,1166.333333,988.6666667,4810.666667,4871,7675,569,605,4605,261,6029.5,1608,4421.5
Downtown,2006,14170.4,671.4,2047.4,4382.2,3377.4,1464.2,2227.8,2589.4,1169.6,1017.6,5082.8,4970.8,7992.2,596.4,635.8,4670.6,275.4,6198.8,1680.6,4518.2
Downtown,2007,14625.8,682.8,2175.8,4558.4,3433.8,1534.9,2240.1,2556.133333,1172.866667,1046.533333,5354.933333,5070.6,8309.4,623.8,666.6,4736.2,289.8,6368.1,1753.2,4614.9
Downtown,2008,15081.2,694.2,2304.2,4734.6,3490.2,1605.6,2252.4,2522.866667,1176.133333,1075.466667,5627.066667,5170.4,8626.6,651.2,697.4,4801.8,304.2,6537.4,1825.8,4711.6
Downtown,2009,15536.6,705.6,2432.6,4910.8,3546.6,1676.3,2264.7,2489.6,1179.4,1104.4,5899.2,5270.2,8943.8,678.6,728.2,4867.4,318.6,6706.7,1898.4,4808.3
Downtown,2010,15992,717,2561,5087,3603,1747,2277,2456.333333,1182.666667,1133.333333,6171.333333,5370,9261,706,759,4933,333,6876,1971,4905
Downtown,2011,16309.8,759.4,2582,5247.2,3591.2,1802.2,2327.8,2423.066667,1185.933333,1162.266667,6443.466667,5469.8,9391.6,685.4,820.2,5058.4,354.2,7011.2,1992.4,5018.8
Downtown,2012,16627.6,801.8,2603,5407.4,3579.4,1857.4,2378.6,2389.8,1189.2,1191.2,6715.6,5569.6,9522.2,664.8,881.4,5183.8,375.4,7146.4,2013.8,5132.6
Downtown,2013,16945.4,844.2,2624,5567.6,3567.6,1912.6,2429.4,2356.533333,1192.466667,1220.133333,6987.733333,5669.4,9652.8,644.2,942.6,5309.2,396.6,7281.6,2035.2,5246.4
Downtown,2014,17263.2,886.6,2645,5727.8,3555.8,1967.8,2480.2,2323.266667,1195.733333,1249.066667,7259.866667,5769.2,9783.4,623.6,1003.8,5434.6,417.8,7416.8,2056.6,5360.2
Downtown,2015,17581,929,2666,5888,3544,2023,2531,2290,1199,1278,7532,5869,9914,603,1065,5560,439,7552,2078,5474
Downtown,2016,17943.5,1025.5,2679,5915,3544.879404,2023.501985,2531.62804,2126.5,1272,1338.5,7773.5,4451.5,10043,666.5,1082.5,5630.5,521,7747,2108,5639
Downtown,2017,18306,1122,2692,5942,3545.758591,2024.003846,2532.255924,1963,1345,1399,8015,3034,10172,730,1100,5701,603,7942,2138,5804
Downtown,2018,18863.66667,1122.278136,2692.667328,5943.47298,3546.637559,2024.505582,2532.883652,1963.486614,1345.333416,1399.346802,8016.986862,3034.752107,10306,761,1206,5966.666667,624,8068.333333,2138.529995,5805.43877
Downtown,2019,19421.33333,1122.556203,2693.33449,5944.945594,3547.51631,2025.007194,2533.511225,1963.973107,1345.666749,1399.693518,8018.973231,3035.504028,10440,792,1312,6232.333333,645,8194.666667,2139.059859,5806.877184
Downtown,2020,19979,1122.834201,2694.001487,5946.417844,3548.394843,2025.508681,2534.138642,1964.45948,1346,1400.040149,8020.959109,3036.255762,10574,823,1418,6498,666,8321,2139.589591,5808.315242
East Boston,2000,38413,5346,4750,10917,10225,2479,4696,10009,8265,3954,2591,16051,19078,1177,14990,1553,1615,14326,4029,10297
East Boston,2001,38622.5,5366.8,4725.8,11072.9,10350.3,2527.1,4579.6,10022.6,8399.266667,3999.733333,2913.6,16547.86667,18675.3,1187.6,15632.9,1539,1587.7,14358.5,4028.9,10329.6
East Boston,2002,38832,5387.6,4701.6,11228.8,10475.6,2575.2,4463.2,10036.2,8533.533333,4045.466667,3236.2,17044.73333,18272.6,1198.2,16275.8,1525,1560.4,14391,4028.8,10362.2
East Boston,2003,39041.5,5408.4,4677.4,11384.7,10600.9,2623.3,4346.8,10049.8,8667.8,4091.2,3558.8,17541.6,17869.9,1208.8,16918.7,1511,1533.1,14423.5,4028.7,10394.8
East Boston,2004,39251,5429.2,4653.2,11540.6,10726.2,2671.4,4230.4,10063.4,8802.066667,4136.933333,3881.4,18038.46667,17467.2,1219.4,17561.6,1497,1505.8,14456,4028.6,10427.4
East Boston,2005,39460.5,5450,4629,11696.5,10851.5,2719.5,4114,10077,8936.333333,4182.666667,4204,18535.33333,17064.5,1230,18204.5,1483,1478.5,14488.5,4028.5,10460
East Boston,2006,39670,5470.8,4604.8,11852.4,10976.8,2767.6,3997.6,10090.6,9070.6,4228.4,4526.6,19032.2,16661.8,1240.6,18847.4,1469,1451.2,14521,4028.4,10492.6
East Boston,2007,39879.5,5491.6,4580.6,12008.3,11102.1,2815.7,3881.2,10104.2,9204.866667,4274.133333,4849.2,19529.06667,16259.1,1251.2,19490.3,1455,1423.9,14553.5,4028.3,10525.2
East Boston,2008,40089,5512.4,4556.4,12164.2,11227.4,2863.8,3764.8,10117.8,9339.133333,4319.866667,5171.8,20025.93333,15856.4,1261.8,20133.2,1441,1396.6,14586,4028.2,10557.8
East Boston,2009,40298.5,5533.2,4532.2,12320.1,11352.7,2911.9,3648.4,10131.4,9473.4,4365.6,5494.4,20522.8,15453.7,1272.4,20776.1,1427,1369.3,14618.5,4028.1,10590.4
East Boston,2010,40508,5554,4508,12476,11478,2960,3532,10145,9607.666667,4411.333333,5817,21019.66667,15051,1283,21419,1413,1342,14651,4028,10623
East Boston,2011,41737.4,5576.4,4573.4,12715.4,11989.2,3219.8,3663.2,10158.6,9741.933333,4457.066667,6139.6,21516.53333,15079.6,1265,22492.6,1485.6,1414.6,14978,4152.6,10825.4
East Boston,2012,42966.8,5598.8,4638.8,12954.8,12500.4,3479.6,3794.4,10172.2,9876.2,4502.8,6462.2,22013.4,15108.2,1247,23566.2,1558.2,1487.2,15305,4277.2,11027.8
East Boston,2013,44196.2,5621.2,4704.2,13194.2,13011.6,3739.4,3925.6,10185.8,10010.46667,4548.533333,6784.8,22510.26667,15136.8,1229,24639.8,1630.8,1559.8,15632,4401.8,11230.2
East Boston,2014,45425.6,5643.6,4769.6,13433.6,13522.8,3999.2,4056.8,10199.4,10144.73333,4594.266667,7107.4,23007.13333,15165.4,1211,25713.4,1703.4,1632.4,15959,4526.4,11432.6
East Boston,2015,46655,5666,4835,13673,14034,4259,4188,10213,10279,4640,7430,23504,15194,1193,26787,1776,1705,16286,4651,11635
East Boston,2016,46959,5492.5,4889,14181,14037.48238,4260.056824,4189.039206,9720.5,10002,4911,8621,14786.5,15602.5,1182,26747,1971.5,1456,16425.5,4626,11799.5
East Boston,2017,47263,5319,4943,14689,14040.9639,4261.113386,4190.078154,9228,9725,5182,9812,6069,16011,1171,26707,2167,1207,16565,4601,11964
East Boston,2018,45864,5320.318542,4944.225335,14692.6413,14044.44456,4262.169685,4191.116845,9230.287556,9727.410759,5183.284581,9814.432325,6070.504462,15927.33333,1248.333333,25038,2088.666667,1561.666667,16608.33333,4602.140555,11966.96579
East Boston,2019,44465,5321.636758,4945.450366,14696.2817,14047.92435,4263.225723,4192.155278,9232.574545,9729.82092,5184.568844,9816.864048,6072.008551,15843.66667,1325.666667,23369,2010.333333,1916.333333,16651.66667,4603.280828,11969.93085
East Boston,2020,43066,5322.954647,4946.675093,14699.92119,14051.40328,4264.2815,4193.193454,9234.860967,9732.230484,5185.852789,9819.295168,6073.512268,15760,1403,21700,1932,2271,16695,4604.420818,11972.89517
Fenway,2000,30156,423,7141,17420,2904,748,1520,938,1094,1718,7410,6552,20876,1720,2269,4255,1036,11857,1376,10481
Fenway,2001,30529.9,425.7,7217.9,17717,2876.5,768.6,1524.2,930.1333333,1094.466667,1688.8,7537.933333,6703.733333,20987.9,1713.9,2317.2,4467.4,1043.5,11955,1375.7,10579.3
Fenway,2002,30903.8,428.4,7294.8,18014,2849,789.2,1528.4,922.2666667,1094.933333,1659.6,7665.866667,6855.466667,21099.8,1707.8,2365.4,4679.8,1051,12053,1375.4,10677.6
Fenway,2003,31277.7,431.1,7371.7,18311,2821.5,809.8,1532.6,914.4,1095.4,1630.4,7793.8,7007.2,21211.7,1701.7,2413.6,4892.2,1058.5,12151,1375.1,10775.9
Fenway,2004,31651.6,433.8,7448.6,18608,2794,830.4,1536.8,906.5333333,1095.866667,1601.2,7921.733333,7158.933333,21323.6,1695.6,2461.8,5104.6,1066,12249,1374.8,10874.2
Fenway,2005,32025.5,436.5,7525.5,18905,2766.5,851,1541,898.6666667,1096.333333,1572,8049.666667,7310.666667,21435.5,1689.5,2510,5317,1073.5,12347,1374.5,10972.5
Fenway,2006,32399.4,439.2,7602.4,19202,2739,871.6,1545.2,890.8,1096.8,1542.8,8177.6,7462.4,21547.4,1683.4,2558.2,5529.4,1081,12445,1374.2,11070.8
Fenway,2007,32773.3,441.9,7679.3,19499,2711.5,892.2,1549.4,882.9333333,1097.266667,1513.6,8305.533333,7614.133333,21659.3,1677.3,2606.4,5741.8,1088.5,12543,1373.9,11169.1
Fenway,2008,33147.2,444.6,7756.2,19796,2684,912.8,1553.6,875.0666667,1097.733333,1484.4,8433.466667,7765.866667,21771.2,1671.2,2654.6,5954.2,1096,12641,1373.6,11267.4
Fenway,2009,33521.1,447.3,7833.1,20093,2656.5,933.4,1557.8,867.2,1098.2,1455.2,8561.4,7917.6,21883.1,1665.1,2702.8,6166.6,1103.5,12739,1373.3,11365.7
Fenway,2010,33895,450,7910,20390,2629,954,1562,859.3333333,1098.666667,1426,8689.333333,8069.333333,21995,1659,2751,6379,1111,12837,1373,11464
Fenway,2011,33635.6,487.4,8091,19731.4,2762.4,998.8,1564.6,851.4666667,1099.133333,1396.8,8817.266667,8221.066667,21515.6,1617.8,2956.4,6427.6,1118.2,12454.8,1361.4,11093.4
Fenway,2012,33376.2,524.8,8272,19072.8,2895.8,1043.6,1567.2,843.6,1099.6,1367.6,8945.2,8372.8,21036.2,1576.6,3161.8,6476.2,1125.4,12072.6,1349.8,10722.8
Fenway,2013,33116.8,562.2,8453,18414.2,3029.2,1088.4,1569.8,835.7333333,1100.066667,1338.4,9073.133333,8524.533333,20556.8,1535.4,3367.2,6524.8,1132.6,11690.4,1338.2,10352.2
Fenway,2014,32857.4,599.6,8634,17755.6,3162.6,1133.2,1572.4,827.8666667,1100.533333,1309.2,9201.066667,8676.266667,20077.4,1494.2,3572.6,6573.4,1139.8,11308.2,1326.6,9981.6
Fenway,2015,32598,637,8815,17097,3296,1178,1575,820,1101,1280,9329,8828,19598,1453,3778,6622,1147,10926,1315,9611
Fenway,2016,33043.5,573,8750.5,17584.5,3296.817866,1178.292308,1575.390819,830,1204.5,1387.5,9444,5498,19227,1631.5,3900,6846.5,1438.5,11076,1217.5,9858.5
Fenway,2017,33489,509,8686,18072,3297.635529,1178.584543,1575.781541,840,1308,1495,9559,2168,18856,1810,4022,7071,1730,11226,1120,10106
Fenway,2018,34823.66667,509.1261775,8688.153198,18076.47992,3298.45299,1178.876706,1576.172166,840.20823,1308.324244,1495.3706,9561.369608,2168.537432,19354,1984.333333,3869.666667,7784,1831.666667,11908.33333,1120.27764,10108.50521
Fenway,2019,36158.33333,509.2523237,8690.305862,18080.95873,3299.270248,1179.168796,1576.562694,840.4164085,1308.648408,1495.741108,9563.73863,2169.07473,19852,2158.666667,3717.333333,8497,1933.333333,12590.66667,1120.555211,10111.00979
Fenway,2020,37493,509.3784387,8692.457993,18085.43643,3300.087303,1179.460814,1576.953126,840.6245354,1308.972491,1496.111524,9566.107064,2169.611896,20350,2333,3565,9210,2035,13273,1120.832714,10113.51376
Hyde Park,2000,32003,4610,4568,6458,9611,2621,4135,4105,6828,5736,4273,8376,13443,12716,4155,483,1206,11616,6619,4997
Hyde Park,2001,32034.4,4536.8,4579.4,6434.3,9599.9,2749.5,4134.5,4033.466667,6877.266667,5875.266667,4475.733333,8540.266667,13011.5,12955.5,4390.2,488.2,1189,11625.6,6635.3,4990.3
Hyde Park,2002,32065.8,4463.6,4590.8,6410.6,9588.8,2878,4134,3961.933333,6926.533333,6014.533333,4678.466667,8704.533333,12580,13195,4625.4,493.4,1172,11635.2,6651.6,4983.6
Hyde Park,2003,32097.2,4390.4,4602.2,6386.9,9577.7,3006.5,4133.5,3890.4,6975.8,6153.8,4881.2,8868.8,12148.5,13434.5,4860.6,498.6,1155,11644.8,6667.9,4976.9
Hyde Park,2004,32128.6,4317.2,4613.6,6363.2,9566.6,3135,4133,3818.866667,7025.066667,6293.066667,5083.933333,9033.066667,11717,13674,5095.8,503.8,1138,11654.4,6684.2,4970.2
Hyde Park,2005,32160,4244,4625,6339.5,9555.5,3263.5,4132.5,3747.333333,7074.333333,6432.333333,5286.666667,9197.333333,11285.5,13913.5,5331,509,1121,11664,6700.5,4963.5
Hyde Park,2006,32191.4,4170.8,4636.4,6315.8,9544.4,3392,4132,3675.8,7123.6,6571.6,5489.4,9361.6,10854,14153,5566.2,514.2,1104,11673.6,6716.8,4956.8
Hyde Park,2007,32222.8,4097.6,4647.8,6292.1,9533.3,3520.5,4131.5,3604.266667,7172.866667,6710.866667,5692.133333,9525.866667,10422.5,14392.5,5801.4,519.4,1087,11683.2,6733.1,4950.1
Hyde Park,2008,32254.2,4024.4,4659.2,6268.4,9522.2,3649,4131,3532.733333,7222.133333,6850.133333,5894.866667,9690.133333,9991,14632,6036.6,524.6,1070,11692.8,6749.4,4943.4
Hyde Park,2009,32285.6,3951.2,4670.6,6244.7,9511.1,3777.5,4130.5,3461.2,7271.4,6989.4,6097.6,9854.4,9559.5,14871.5,6271.8,529.8,1053,11702.4,6765.7,4936.7
Hyde Park,2010,32317,3878,4682,6221,9500,3906,4130,3389.666667,7320.666667,7128.666667,6300.333333,10018.66667,9128,15111,6507,535,1036,11712,6782,4930
Hyde Park,2011,33272.4,3853.4,4758.6,6521.8,9587.8,4212,4338.8,3318.133333,7369.933333,7267.933333,6503.066667,10182.93333,9116.6,15467,7051.6,561.4,1075.8,11947.8,6993.8,4954
Hyde Park,2012,34227.8,3828.8,4835.2,6822.6,9675.6,4518,4547.6,3246.6,7419.2,7407.2,6705.8,10347.2,9105.2,15823,7596.2,587.8,1115.6,12183.6,7205.6,4978
Hyde Park,2013,35183.2,3804.2,4911.8,7123.4,9763.4,4824,4756.4,3175.066667,7468.466667,7546.466667,6908.533333,10511.46667,9093.8,16179,8140.8,614.2,1155.4,12419.4,7417.4,5002
Hyde Park,2014,36138.6,3779.6,4988.4,7424.2,9851.2,5130,4965.2,3103.533333,7517.733333,7685.733333,7111.266667,10675.73333,9082.4,16535,8685.4,640.6,1195.2,12655.2,7629.2,5026
Hyde Park,2015,37094,3755,5065,7725,9939,5436,5174,3032,7567,7825,7314,10840,9071,16891,9230,667,1235,12891,7841,5050
Hyde Park,2016,38009,3947.5,4909.5,7973,9941.466253,5437.348883,5175.283871,3395.5,7558.5,8017.5,7517.5,9251,8895,17466.5,9736,715,1196.5,13019,7836.5,5182.5
Hyde Park,2017,38924,4140,4754,8221,9943.931895,5438.697432,5176.567424,3759,7550,8210,7721,7662,8719,18042,10242,763,1158,13147,7832,5315
Hyde Park,2018,37340,4141.026277,4755.178483,8223.037928,9946.396925,5440.045647,5177.850658,3759.931829,7551.871591,8212.035201,7722.913981,7663.899355,8356.666667,17237.33333,9601,754,1391,12921.66667,7833.941497,5316.317551
Hyde Park,2019,35756,4142.052299,4756.356674,8225.07535,9948.861344,5441.393527,5179.133574,3760.863428,7553.742719,8214.069897,7724.827488,7665.79824,7994.333333,16432.66667,8960,745,1624,12696.33333,7835.882514,5317.634775
Hyde Park,2020,34172,4143.078067,4757.534573,8227.112268,9951.325153,5442.741074,5180.416173,3761.794796,7555.613384,8216.10409,7726.740521,7667.696655,7632,15628,8319,736,1857,12471,7837.823049,5318.951673
Jamaica Plain,2000,35976,4182,4215,10932,11205,2362,3080,4568,4395,4668,11137,7862,17541,5373,10285,1565,1213,14160,5476,8684
Jamaica Plain,2001,35932.5,4132.1,4113,10999.4,11063.1,2513.1,3111.8,4418.733333,4385.666667,4618.333333,11670.86667,7947.2,17693,5281.9,10170.5,1577.7,1210.3,14240.2,5595.9,8644.3
Jamaica Plain,2002,35889,4082.2,4011,11066.8,10921.2,2664.2,3143.6,4269.466667,4376.333333,4568.666667,12204.73333,8032.4,17845,5190.8,10056,1590.4,1207.6,14320.4,5715.8,8604.6
Jamaica Plain,2003,35845.5,4032.3,3909,11134.2,10779.3,2815.3,3175.4,4120.2,4367,4519,12738.6,8117.6,17997,5099.7,9941.5,1603.1,1204.9,14400.6,5835.7,8564.9
Jamaica Plain,2004,35802,3982.4,3807,11201.6,10637.4,2966.4,3207.2,3970.933333,4357.666667,4469.333333,13272.46667,8202.8,18149,5008.6,9827,1615.8,1202.2,14480.8,5955.6,8525.2
Jamaica Plain,2005,35758.5,3932.5,3705,11269,10495.5,3117.5,3239,3821.666667,4348.333333,4419.666667,13806.33333,8288,18301,4917.5,9712.5,1628.5,1199.5,14561,6075.5,8485.5
Jamaica Plain,2006,35715,3882.6,3603,11336.4,10353.6,3268.6,3270.8,3672.4,4339,4370,14340.2,8373.2,18453,4826.4,9598,1641.2,1196.8,14641.2,6195.4,8445.8
Jamaica Plain,2007,35671.5,3832.7,3501,11403.8,10211.7,3419.7,3302.6,3523.133333,4329.666667,4320.333333,14874.06667,8458.4,18605,4735.3,9483.5,1653.9,1194.1,14721.4,6315.3,8406.1
Jamaica Plain,2008,35628,3782.8,3399,11471.2,10069.8,3570.8,3334.4,3373.866667,4320.333333,4270.666667,15407.93333,8543.6,18757,4644.2,9369,1666.6,1191.4,14801.6,6435.2,8366.4
Jamaica Plain,2009,35584.5,3732.9,3297,11538.6,9927.9,3721.9,3366.2,3224.6,4311,4221,15941.8,8628.8,18909,4553.1,9254.5,1679.3,1188.7,14881.8,6555.1,8326.7
Jamaica Plain,2010,35541,3683,3195,11606,9786,3873,3398,3075.333333,4301.666667,4171.333333,16475.66667,8714,19061,4462,9140,1692,1186,14962,6675,8287
Jamaica Plain,2011,36295.6,3740,3217.2,11883,9942.8,3925.4,3587.2,2926.066667,4292.333333,4121.666667,17009.53333,8799.2,19577.6,4449.4,9176.8,1837.8,1254,15188,6837.2,8350.8
Jamaica Plain,2012,37050.2,3797,3239.4,12160,10099.6,3977.8,3776.4,2776.8,4283,4072,17543.4,8884.4,20094.2,4436.8,9213.6,1983.6,1322,15414,6999.4,8414.6
Jamaica Plain,2013,37804.8,3854,3261.6,12437,10256.4,4030.2,3965.6,2627.533333,4273.666667,4022.333333,18077.26667,8969.6,20610.8,4424.2,9250.4,2129.4,1390,15640,7161.6,8478.4
Jamaica Plain,2014,38559.4,3911,3283.8,12714,10413.2,4082.6,4154.8,2478.266667,4264.333333,3972.666667,18611.13333,9054.8,21127.4,4411.6,9287.2,2275.2,1458,15866,7323.8,8542.2
Jamaica Plain,2015,39314,3968,3306,12991,10570,4135,4344,2329,4255,3923,19145,9140,21644,4399,9324,2421,1526,16092,7486,8606
Jamaica Plain,2016,40090.5,4100,3184.5,13138.5,10572.62283,4136.026055,4345.077916,2409.5,4014,4299,19726,7113,22088.5,5112,9162.5,2212.5,1515,16257.5,7549,8708.5
Jamaica Plain,2017,40867,4232,3063,13286,10575.24501,4137.051855,4346.155564,2490,3773,4675,20307,5086,22533,5825,9001,2004,1504,16423,7612,8811
Jamaica Plain,2018,40583,4233.049083,3063.759296,13289.29351,10577.86654,4138.077401,4347.232945,2490.617253,3773.9353,4676.158899,20312.03396,5087.260783,22176.33333,5387,8888.666667,2350,1781,16748.66667,7613.886961,8813.184184
Jamaica Plain,2019,40299,4234.097906,3064.518404,13292.58619,10580.48741,4139.102692,4348.310059,2491.234354,3774.870368,4677.317512,20317.06668,5088.521254,21819.66667,4949,8776.333333,2696,2058,17074.33333,7615.773454,8815.367828
Jamaica Plain,2020,40015,4235.146469,3065.277324,13295.87807,10583.10764,4140.12773,4349.386907,2491.851301,3775.805205,4678.475837,20322.09814,5089.781413,21463,4511,8664,3042,2335,17400,7617.65948,8817.55093
Longwood,2000,3908,244,1542,1772,220,57,73,201,140,85,228,494,2446,506,530,315,111,658,35,623
Longwood,2001,4003.3,225.2,1613.3,1823.9,212.5,57.6,70.8,188.4666667,135.6666667,82.53333333,238.4,513.5333333,2539.5,493.1,522.7,331.6,116.4,631.7,37.8,593.9
Longwood,2002,4098.6,206.4,1684.6,1875.8,205,58.2,68.6,175.9333333,131.3333333,80.06666667,248.8,533.0666667,2633,480.2,515.4,348.2,121.8,605.4,40.6,564.8
Longwood,2003,4193.9,187.6,1755.9,1927.7,197.5,58.8,66.4,163.4,127,77.6,259.2,552.6,2726.5,467.3,508.1,364.8,127.2,579.1,43.4,535.7
Longwood,2004,4289.2,168.8,1827.2,1979.6,190,59.4,64.2,150.8666667,122.6666667,75.13333333,269.6,572.1333333,2820,454.4,500.8,381.4,132.6,552.8,46.2,506.6
Longwood,2005,4384.5,150,1898.5,2031.5,182.5,60,62,138.3333333,118.3333333,72.66666667,280,591.6666667,2913.5,441.5,493.5,398,138,526.5,49,477.5
Longwood,2006,4479.8,131.2,1969.8,2083.4,175,60.6,59.8,125.8,114,70.2,290.4,611.2,3007,428.6,486.2,414.6,143.4,500.2,51.8,448.4
Longwood,2007,4575.1,112.4,2041.1,2135.3,167.5,61.2,57.6,113.2666667,109.6666667,67.73333333,300.8,630.7333333,3100.5,415.7,478.9,431.2,148.8,473.9,54.6,419.3
Longwood,2008,4670.4,93.6,2112.4,2187.2,160,61.8,55.4,100.7333333,105.3333333,65.26666667,311.2,650.2666667,3194,402.8,471.6,447.8,154.2,447.6,57.4,390.2
Longwood,2009,4765.7,74.8,2183.7,2239.1,152.5,62.4,53.2,88.2,101,62.8,321.6,669.8,3287.5,389.9,464.3,464.4,159.6,421.3,60.2,361.1
Longwood,2010,4861,56,2255,2291,145,63,51,75.66666667,96.66666667,60.33333333,332,689.3333333,3381,377,457,481,165,395,63,332
Longwood,2011,4966.6,46,2345.8,2334,133.6,60,47.2,63.13333333,92.33333333,57.86666667,342.4,708.8666667,3461.4,364.8,471.6,505.2,163.6,372,60.2,311.8
Longwood,2012,5072.2,36,2436.6,2377,122.2,57,43.4,50.6,88,55.4,352.8,728.4,3541.8,352.6,486.2,529.4,162.2,349,57.4,291.6
Longwood,2013,5177.8,26,2527.4,2420,110.8,54,39.6,38.06666667,83.66666667,52.93333333,363.2,747.9333333,3622.2,340.4,500.8,553.6,160.8,326,54.6,271.4
Longwood,2014,5283.4,16,2618.2,2463,99.4,51,35.8,25.53333333,79.33333333,50.46666667,373.6,767.4666667,3702.6,328.2,515.4,577.8,159.4,303,51.8,251.2
Longwood,2015,5389,6,2709,2506,88,48,32,13,75,48,384,787,3783,316,530,602,158,280,49,231
Longwood,2016,5370,7,2674.5,2540.5,88.02183623,48.01191067,32.00794045,15,55,42,413.5,496,3764.5,303.5,459.5,677,165.5,274.5,37.5,237
Longwood,2017,5351,8,2640,2575,88.04366704,48.02381839,32.01587892,17,35,36,443,205,3746,291,389,752,173,269,26,243
Longwood,2018,5296,8.001983143,2640.654437,2575.638324,88.06549244,48.03572315,32.02381543,17.00421418,35.00867625,36.00892414,443.1098166,205.050818,3692,303.6666667,421.3333333,705.3333333,173.6666667,285,26.00644522,243.060238
Longwood,2019,5241,8.003965795,2641.308712,2576.27649,88.08731243,48.04762496,32.03174998,17.00842731,35.01735035,36.01784608,443.2196059,205.1016235,3638,316.3333333,453.6666667,658.6666667,174.3333333,301,26.01288883,243.120461
Longwood,2020,5186,8.005947956,2641.962826,2576.914498,88.10912702,48.05952383,32.03968255,17.01263941,35.02602231,36.0267658,443.3293681,205.1524164,3584,329,486,612,175,317,26.01933086,243.1806692
Mattapan,2000,24300,3952,3889,5429,6809,2207,2014,3478,4567,4212,2506,7670,1734,19037,1798,386,1344,8335,3401,4934
Mattapan,2001,24120,3842.1,3834.5,5351.8,6753.9,2257.8,2079.9,3452.466667,4662.333333,4301,2536.533333,7718.933333,1704,18851.2,1890.4,386,1287.5,8336.4,3392.9,4943.5
Mattapan,2002,23940,3732.2,3780,5274.6,6698.8,2308.6,2145.8,3426.933333,4757.666667,4390,2567.066667,7767.866667,1674,18665.4,1982.8,386,1231,8337.8,3384.8,4953
Mattapan,2003,23760,3622.3,3725.5,5197.4,6643.7,2359.4,2211.7,3401.4,4853,4479,2597.6,7816.8,1644,18479.6,2075.2,386,1174.5,8339.2,3376.7,4962.5
Mattapan,2004,23580,3512.4,3671,5120.2,6588.6,2410.2,2277.6,3375.866667,4948.333333,4568,2628.133333,7865.733333,1614,18293.8,2167.6,386,1118,8340.6,3368.6,4972
Mattapan,2005,23400,3402.5,3616.5,5043,6533.5,2461,2343.5,3350.333333,5043.666667,4657,2658.666667,7914.666667,1584,18108,2260,386,1061.5,8342,3360.5,4981.5
Mattapan,2006,23220,3292.6,3562,4965.8,6478.4,2511.8,2409.4,3324.8,5139,4746,2689.2,7963.6,1554,17922.2,2352.4,386,1005,8343.4,3352.4,4991
Mattapan,2007,23040,3182.7,3507.5,4888.6,6423.3,2562.6,2475.3,3299.266667,5234.333333,4835,2719.733333,8012.533333,1524,17736.4,2444.8,386,948.5,8344.8,3344.3,5000.5
Mattapan,2008,22860,3072.8,3453,4811.4,6368.2,2613.4,2541.2,3273.733333,5329.666667,4924,2750.266667,8061.466667,1494,17550.6,2537.2,386,892,8346.2,3336.2,5010
Mattapan,2009,22680,2962.9,3398.5,4734.2,6313.1,2664.2,2607.1,3248.2,5425,5013,2780.8,8110.4,1464,17364.8,2629.6,386,835.5,8347.6,3328.1,5019.5
Mattapan,2010,22500,2853,3344,4657,6258,2715,2673,3222.666667,5520.333333,5102,2811.333333,8159.333333,1434,17179,2722,386,779,8349,3320,5029
Mattapan,2011,23117.2,2905.4,3322,4828.2,6500.6,2784.6,2776.4,3197.133333,5615.666667,5191,2841.866667,8208.266667,1495,17479.2,2961.6,399.4,782,8452.4,3327.2,5125.2
Mattapan,2012,23734.4,2957.8,3300,4999.4,6743.2,2854.2,2879.8,3171.6,5711,5280,2872.4,8257.2,1556,17779.4,3201.2,412.8,785,8555.8,3334.4,5221.4
Mattapan,2013,24351.6,3010.2,3278,5170.6,6985.8,2923.8,2983.2,3146.066667,5806.333333,5369,2902.933333,8306.133333,1617,18079.6,3440.8,426.2,788,8659.2,3341.6,5317.6
Mattapan,2014,24968.8,3062.6,3256,5341.8,7228.4,2993.4,3086.6,3120.533333,5901.666667,5458,2933.466667,8355.066667,1678,18379.8,3680.4,439.6,791,8762.6,3348.8,5413.8
Mattapan,2015,25586,3115,3234,5513,7471,3063,3190,3095,5997,5547,2964,8404,1739,18680,3920,453,794,8866,3356,5510
Mattapan,2016,26122.5,3305.5,3440.5,5547.5,7472.853846,3063.76005,3190.791563,2863.5,6108.5,5543,3334,6695.5,1675.5,19250.5,3845.5,476,875,9019.5,3439,5580.5
Mattapan,2017,26659,3496,3647,5582,7474.707233,3064.519911,3191.58293,2632,6220,5539,3704,4987,1612,19821,3771,499,956,9173,3522,5651
Mattapan,2018,25719.33333,3496.866634,3647.904065,5583.383738,7476.560159,3065.279584,3192.374101,2632.652454,6221.541894,5540.373079,3704.918195,4988.236242,1571,18639.66667,3875,496.3333333,1137.333333,9056,3522.873079,5652.400843
Mattapan,2019,24779.66667,3497.733053,3648.807907,5584.767134,7478.412627,3066.039068,3193.165076,2633.304747,6223.083406,5541.745817,3705.836163,4989.472178,1530,17458.33333,3979,493.6666667,1318.666667,8939,3523.745941,5653.801339
Mattapan,2020,23840,3498.599257,3649.711524,5586.150186,7480.264636,3066.798364,3193.955855,2633.956878,6224.624536,5543.118216,3706.753904,4990.707807,1489,16277,4083,491,1500,8822,3524.618588,5655.201488
Roslindale,2000,27999,3562,3460,6449,8632,1988,3908,3523,5277,4393,6422,7092,17041,4287,4971,643,1057,10592,5429,5163
Roslindale,2001,27835.9,3526.4,3421.6,6356.4,8582.8,2099.7,3849,3423.466667,5268.133333,4406.466667,6630.066667,7117.066667,16673.2,4395.9,5089.5,646.2,1031.1,10576.1,5432.5,5143.6
Roslindale,2002,27672.8,3490.8,3383.2,6263.8,8533.6,2211.4,3790,3323.933333,5259.266667,4419.933333,6838.133333,7142.133333,16305.4,4504.8,5208,649.4,1005.2,10560.2,5436,5124.2
Roslindale,2003,27509.7,3455.2,3344.8,6171.2,8484.4,2323.1,3731,3224.4,5250.4,4433.4,7046.2,7167.2,15937.6,4613.7,5326.5,652.6,979.3,10544.3,5439.5,5104.8
Roslindale,2004,27346.6,3419.6,3306.4,6078.6,8435.2,2434.8,3672,3124.866667,5241.533333,4446.866667,7254.266667,7192.266667,15569.8,4722.6,5445,655.8,953.4,10528.4,5443,5085.4
Roslindale,2005,27183.5,3384,3268,5986,8386,2546.5,3613,3025.333333,5232.666667,4460.333333,7462.333333,7217.333333,15202,4831.5,5563.5,659,927.5,10512.5,5446.5,5066
Roslindale,2006,27020.4,3348.4,3229.6,5893.4,8336.8,2658.2,3554,2925.8,5223.8,4473.8,7670.4,7242.4,14834.2,4940.4,5682,662.2,901.6,10496.6,5450,5046.6
Roslindale,2007,26857.3,3312.8,3191.2,5800.8,8287.6,2769.9,3495,2826.266667,5214.933333,4487.266667,7878.466667,7267.466667,14466.4,5049.3,5800.5,665.4,875.7,10480.7,5453.5,5027.2
Roslindale,2008,26694.2,3277.2,3152.8,5708.2,8238.4,2881.6,3436,2726.733333,5206.066667,4500.733333,8086.533333,7292.533333,14098.6,5158.2,5919,668.6,849.8,10464.8,5457,5007.8
Roslindale,2009,26531.1,3241.6,3114.4,5615.6,8189.2,2993.3,3377,2627.2,5197.2,4514.2,8294.6,7317.6,13730.8,5267.1,6037.5,671.8,823.9,10448.9,5460.5,4988.4
Roslindale,2010,26368,3206,3076,5523,8140,3105,3318,2527.666667,5188.333333,4527.666667,8502.666667,7342.666667,13363,5376,6156,675,798,10433,5464,4969
Roslindale,2011,26935.6,3270.4,3015.2,5651.6,8297.4,3305.8,3395.2,2428.133333,5179.466667,4541.133333,8710.733333,7367.733333,13686.8,5500.6,6272.2,659,817,10627.6,5667.2,4960.4
Roslindale,2012,27503.2,3334.8,2954.4,5780.2,8454.8,3506.6,3472.4,2328.6,5170.6,4554.6,8918.8,7392.8,14010.6,5625.2,6388.4,643,836,10822.2,5870.4,4951.8
Roslindale,2013,28070.8,3399.2,2893.6,5908.8,8612.2,3707.4,3549.6,2229.066667,5161.733333,4568.066667,9126.866667,7417.866667,14334.4,5749.8,6504.6,627,855,11016.8,6073.6,4943.2
Roslindale,2014,28638.4,3463.6,2832.8,6037.4,8769.6,3908.2,3626.8,2129.533333,5152.866667,4581.533333,9334.933333,7442.933333,14658.2,5874.4,6620.8,611,874,11211.4,6276.8,4934.6
Roslindale,2015,29206,3528,2772,6166,8927,4109,3704,2030,5144,4595,9543,7468,14982,5999,6737,595,893,11406,6480,4926
Roslindale,2016,29613.5,3470,2947,6238,8929.215136,4110.019603,3704.919107,2028.5,4900,4670.5,10037.5,6302,15136.5,5902,6959.5,672.5,943,11444,6417,5027
Roslindale,2017,30021,3412,3122,6310,8931.429724,4111.038953,3705.837985,2027,4656,4746,10532,5136,15291,5805,7182,750,993,11482,6354,5128
Roslindale,2018,29876,3412.845811,3122.773922,6311.564204,8933.643762,4112.05805,3706.756636,2027.502479,4657.154189,4747.1765,10534.61081,5137.273178,14865.33333,5798,7206.333333,829,1177.333333,11548.66667,6355.575112,5129.271195
Roslindale,2019,29731,3413.691412,3123.547652,6313.128021,8935.857251,4113.076895,3707.67506,2028.004833,4658.308093,4748.352708,10537.22097,5138.546041,14439.66667,5791,7230.666667,908,1361.666667,11615.33333,6357.149833,5130.542075
Roslindale,2020,29586,3414.536803,3124.32119,6314.69145,8938.070193,4114.095488,3708.593256,2028.507063,4659.46171,4749.528625,10539.83048,5139.818588,14014,5784,7255,987,1546,11682,6358.724164,5131.81264
Roxbury,2000,42515,7050,7254,9985,11387,3029,3811,7889,7954,5617,3213,8574,2244,26383,9979,370,3539,15440,3069,12371
Roxbury,2001,43174.6,6992.7,7382,10238.6,11482.9,3196.5,3882.8,7881.933333,8050,5759.733333,3474,9024.866667,2519.8,26313.8,10398.6,436,3506.4,15678.1,3117.3,12560.8
Roxbury,2002,43834.2,6935.4,7510,10492.2,11578.8,3364,3954.6,7874.866667,8146,5902.466667,3735,9475.733333,2795.6,26244.6,10818.2,502,3473.8,15916.2,3165.6,12750.6
Roxbury,2003,44493.8,6878.1,7638,10745.8,11674.7,3531.5,4026.4,7867.8,8242,6045.2,3996,9926.6,3071.4,26175.4,11237.8,568,3441.2,16154.3,3213.9,12940.4
Roxbury,2004,45153.4,6820.8,7766,10999.4,11770.6,3699,4098.2,7860.733333,8338,6187.933333,4257,10377.46667,3347.2,26106.2,11657.4,634,3408.6,16392.4,3262.2,13130.2
Roxbury,2005,45813,6763.5,7894,11253,11866.5,3866.5,4170,7853.666667,8434,6330.666667,4518,10828.33333,3623,26037,12077,700,3376,16630.5,3310.5,13320
Roxbury,2006,46472.6,6706.2,8022,11506.6,11962.4,4034,4241.8,7846.6,8530,6473.4,4779,11279.2,3898.8,25967.8,12496.6,766,3343.4,16868.6,3358.8,13509.8
Roxbury,2007,47132.2,6648.9,8150,11760.2,12058.3,4201.5,4313.6,7839.533333,8626,6616.133333,5040,11730.06667,4174.6,25898.6,12916.2,832,3310.8,17106.7,3407.1,13699.6
Roxbury,2008,47791.8,6591.6,8278,12013.8,12154.2,4369,4385.4,7832.466667,8722,6758.866667,5301,12180.93333,4450.4,25829.4,13335.8,898,3278.2,17344.8,3455.4,13889.4
Roxbury,2009,48451.4,6534.3,8406,12267.4,12250.1,4536.5,4457.2,7825.4,8818,6901.6,5562,12631.8,4726.2,25760.2,13755.4,964,3245.6,17582.9,3503.7,14079.2
Roxbury,2010,49111,6477,8534,12521,12346,4704,4529,7818.333333,8914,7044.333333,5823,13082.66667,5002,25691,14175,1030,3213,17821,3552,14269
Roxbury,2011,49877.6,6579.2,8409.4,12794,12453.8,4911.6,4729.6,7811.266667,9010,7187.066667,6084,13533.53333,5116.4,26002,14519.4,1212.2,3027.6,18138,3637.6,14500.4
Roxbury,2012,50644.2,6681.4,8284.8,13067,12561.6,5119.2,4930.2,7804.2,9106,7329.8,6345,13984.4,5230.8,26313,14863.8,1394.4,2842.2,18455,3723.2,14731.8
Roxbury,2013,51410.8,6783.6,8160.2,13340,12669.4,5326.8,5130.8,7797.133333,9202,7472.533333,6606,14435.26667,5345.2,26624,15208.2,1576.6,2656.8,18772,3808.8,14963.2
Roxbury,2014,52177.4,6885.8,8035.6,13613,12777.2,5534.4,5331.4,7790.066667,9298,7615.266667,6867,14886.13333,5459.6,26935,15552.6,1758.8,2471.4,19089,3894.4,15194.6
Roxbury,2015,52944,6988,7911,13886,12885,5742,5532,7783,9394,7758,7128,15337,5574,27246,15897,1941,2286,19406,3980,15426
Roxbury,2016,53552.5,6772.5,7934.5,14472.5,12888.19727,5743.424814,5533.372705,7758,9648,8015.5,7404,11937,5755.5,27244.5,16267,1923,2362.5,19652.5,4153,15499.5
Roxbury,2017,54161,6557,7958,15059,12891.39375,5744.849274,5534.745069,7733,9902,8273,7680,8537,5937,27243,16637,1905,2439,19899,4326,15573
Roxbury,2018,54285,6558.625434,7959.972732,15062.73302,12894.58943,5746.273382,5536.117093,7734.916956,9904.454636,8275.050818,7681.903818,8539.116262,6337,25703.33333,16635.66667,2344,3265,19941,4327.072385,15576.86044
Roxbury,2019,54409,6560.250465,7961.944975,15066.46511,12897.78433,5747.697136,5537.488777,7736.833437,9906.908663,8277.101128,7683.807163,8541.231999,6737,24163.66667,16634.33333,2783,4091,19983,4328.144504,15580.71992
Roxbury,2020,54533,6561.875094,7963.916729,15070.19628,12900.97843,5749.120538,5538.860122,7738.749443,9909.362083,8279.15093,7685.710038,8543.347213,7137,22624,16633,3222,4917,20025,4329.216357,15584.57844
South Boston,2000,28537,3026,2737,8772,7840,2297,3865,3948,6836,4312,5719,3548,24082,719,2199,1086,451,13323,4441,8882
South Boston,2001,28794.3,2978.7,2700,9144.2,7821.8,2356.6,3793,3865.066667,6698.8,4279.933333,6537.466667,3616.066667,24108.2,800.3,2300.7,1126.2,458.9,13475.1,4594.4,8880.7
South Boston,2002,29051.6,2931.4,2663,9516.4,7803.6,2416.2,3721,3782.133333,6561.6,4247.866667,7355.933333,3684.133333,24134.4,881.6,2402.4,1166.4,466.8,13627.2,4747.8,8879.4
South Boston,2003,29308.9,2884.1,2626,9888.6,7785.4,2475.8,3649,3699.2,6424.4,4215.8,8174.4,3752.2,24160.6,962.9,2504.1,1206.6,474.7,13779.3,4901.2,8878.1
South Boston,2004,29566.2,2836.8,2589,10260.8,7767.2,2535.4,3577,3616.266667,6287.2,4183.733333,8992.866667,3820.266667,24186.8,1044.2,2605.8,1246.8,482.6,13931.4,5054.6,8876.8
South Boston,2005,29823.5,2789.5,2552,10633,7749,2595,3505,3533.333333,6150,4151.666667,9811.333333,3888.333333,24213,1125.5,2707.5,1287,490.5,14083.5,5208,8875.5
South Boston,2006,30080.8,2742.2,2515,11005.2,7730.8,2654.6,3433,3450.4,6012.8,4119.6,10629.8,3956.4,24239.2,1206.8,2809.2,1327.2,498.4,14235.6,5361.4,8874.2
South Boston,2007,30338.1,2694.9,2478,11377.4,7712.6,2714.2,3361,3367.466667,5875.6,4087.533333,11448.26667,4024.466667,24265.4,1288.1,2910.9,1367.4,506.3,14387.7,5514.8,8872.9
South Boston,2008,30595.4,2647.6,2441,11749.6,7694.4,2773.8,3289,3284.533333,5738.4,4055.466667,12266.73333,4092.533333,24291.6,1369.4,3012.6,1407.6,514.2,14539.8,5668.2,8871.6
South Boston,2009,30852.7,2600.3,2404,12121.8,7676.2,2833.4,3217,3201.6,5601.2,4023.4,13085.2,4160.6,24317.8,1450.7,3114.3,1447.8,522.1,14691.9,5821.6,8870.3
South Boston,2010,31110,2553,2367,12494,7658,2893,3145,3118.666667,5464,3991.333333,13903.66667,4228.666667,24344,1532,3216,1488,530,14844,5975,8869
South Boston,2011,32130.4,2599,2313.8,13286.4,7804.8,2964.2,3162.2,3035.733333,5326.8,3959.266667,14722.13333,4296.733333,25050,1680,3363.8,1497.8,538.8,15200.8,6093,9107.8
South Boston,2012,33150.8,2645,2260.6,14078.8,7951.6,3035.4,3179.4,2952.8,5189.6,3927.2,15540.6,4364.8,25756,1828,3511.6,1507.6,547.6,15557.6,6211,9346.6
South Boston,2013,34171.2,2691,2207.4,14871.2,8098.4,3106.6,3196.6,2869.866667,5052.4,3895.133333,16359.06667,4432.866667,26462,1976,3659.4,1517.4,556.4,15914.4,6329,9585.4
South Boston,2014,35191.6,2737,2154.2,15663.6,8245.2,3177.8,3213.8,2786.933333,4915.2,3863.066667,17177.53333,4500.933333,27168,2124,3807.2,1527.2,565.2,16271.2,6447,9824.2
South Boston,2015,36212,2783,2101,16456,8392,3249,3231,2704,4778,3831,17996,4569,27874,2272,3955,1537,574,16628,6565,10063
South Boston,2016,36492,2974,1951,16696.5,8394.082382,3249.806203,3231.801737,2527,4508.5,3716,18768.5,3536,27941,2168,4010,1803.5,569.5,16679,6738,9941
South Boston,2017,36772,3165,1801,16937,8396.164248,3250.612207,3232.603275,2350,4239,3601,19541,2503,28008,2064,4065,2070,565,16730,6911,9819
South Boston,2018,37153.66667,3165.784581,1801.446455,16941.19856,8398.245597,3251.418011,3233.404615,2350.582548,4240.050818,3601.892662,19545.84408,2503.620476,28385,1885.666667,4005.666667,2072.333333,805,17140.33333,6912.713188,9821.43406
South Boston,2019,37535.33333,3166.568968,1801.8928,16945.39608,8400.326431,3252.223615,3234.205755,2351.164952,4241.101376,3602.785104,19550.68695,2504.240798,28762,1707.333333,3946.333333,2074.666667,1045,17550.66667,6914.425951,9823.867518
South Boston,2020,37917,3167.35316,1802.339034,16949.59257,8402.40675,3253.029019,3235.006698,2351.747212,4242.151673,3603.677324,19555.52863,2504.860967,29139,1529,3887,2077,1285,17961,6916.138291,9826.300373
South Boston Waterfront,2000,1401,82,102,524,458,96,139,153,213,190,431,169,1234,22,36,75,34,707,301,406
South Boston Waterfront,2001,1517.3,82.5,98.8,619.1,473.7,104.1,139.1,146.9333333,212.7333333,195.2666667,566,198.4,1330,23.8,45.3,82.9,35.3,773.3,322.9,450.4
South Boston Waterfront,2002,1633.6,83,95.6,714.2,489.4,112.2,139.2,140.8666667,212.4666667,200.5333333,701,227.8,1426,25.6,54.6,90.8,36.6,839.6,344.8,494.8
South Boston Waterfront,2003,1749.9,83.5,92.4,809.3,505.1,120.3,139.3,134.8,212.2,205.8,836,257.2,1522,27.4,63.9,98.7,37.9,905.9,366.7,539.2
South Boston Waterfront,2004,1866.2,84,89.2,904.4,520.8,128.4,139.4,128.7333333,211.9333333,211.0666667,971,286.6,1618,29.2,73.2,106.6,39.2,972.2,388.6,583.6
South Boston Waterfront,2005,1982.5,84.5,86,999.5,536.5,136.5,139.5,122.6666667,211.6666667,216.3333333,1106,316,1714,31,82.5,114.5,40.5,1038.5,410.5,628
South Boston Waterfront,2006,2098.8,85,82.8,1094.6,552.2,144.6,139.6,116.6,211.4,221.6,1241,345.4,1810,32.8,91.8,122.4,41.8,1104.8,432.4,672.4
South Boston Waterfront,2007,2215.1,85.5,79.6,1189.7,567.9,152.7,139.7,110.5333333,211.1333333,226.8666667,1376,374.8,1906,34.6,101.1,130.3,43.1,1171.1,454.3,716.8
South Boston Waterfront,2008,2331.4,86,76.4,1284.8,583.6,160.8,139.8,104.4666667,210.8666667,232.1333333,1511,404.2,2002,36.4,110.4,138.2,44.4,1237.4,476.2,761.2
South Boston Waterfront,2009,2447.7,86.5,73.2,1379.9,599.3,168.9,139.9,98.4,210.6,237.4,1646,433.6,2098,38.2,119.7,146.1,45.7,1303.7,498.1,805.6
South Boston Waterfront,2010,2564,87,70,1475,615,177,140,92.33333333,210.3333333,242.6666667,1781,463,2194,40,129,154,47,1370,520,850
South Boston Waterfront,2011,2739.8,93.6,79.2,1511.2,705,197.8,153,86.26666667,210.0666667,247.9333333,1916,492.4,2315.8,50.8,124,197.2,52,1462,555.2,906.8
South Boston Waterfront,2012,2915.6,100.2,88.4,1547.4,795,218.6,166,80.2,209.8,253.2,2051,521.8,2437.6,61.6,119,240.4,57,1554,590.4,963.6
South Boston Waterfront,2013,3091.4,106.8,97.6,1583.6,885,239.4,179,74.13333333,209.5333333,258.4666667,2186,551.2,2559.4,72.4,114,283.6,62,1646,625.6,1020.4
South Boston Waterfront,2014,3267.2,113.4,106.8,1619.8,975,260.2,192,68.06666667,209.2666667,263.7333333,2321,580.6,2681.2,83.2,109,326.8,67,1738,660.8,1077.2
South Boston Waterfront,2015,3443,120,116,1656,1065,281,205,62,209,269,2456,610,2803,94,104,370,72,1830,696,1134
South Boston Waterfront,2016,3923,129,105,1847,1065.264268,281.069727,205.0508685,71,229.5,311,2835,409.5,3221.5,93.5,116,397.5,94.5,2229,721,1508
South Boston Waterfront,2017,4403,138,94,2038,1065.52847,281.1394368,205.1017244,80,250,353,3214,209,3640,93,128,425,117,2628,746,1882
South Boston Waterfront,2018,4795,138.0342092,94.02330193,2038.505206,1065.792607,281.2091293,205.1525676,80.01983143,250.0619732,353.0875062,3214.796728,209.0518096,3865,115.3333333,190.6666667,444,180,2960,746.1849281,1882.466534
South Boston Waterfront,2019,5187,138.06841,94.04659809,2039.010286,1066.056679,281.2788045,205.2033983,80.03965795,250.1239311,353.1749907,3215.593258,209.1036064,4090,137.6666667,253.3333333,463,243,3292,746.3698104,1882.932953
South Boston Waterfront,2020,5579,138.1026022,94.06988848,2039.515242,1066.320685,281.3484624,205.2542164,80.05947956,250.1858736,353.2624536,3216.389591,209.1553904,4315,160,316,482,306,3624,746.5546469,1883.399257
West Roxbury,2000,28753,3531,2542,5757,8548,2584,5791,2713,5105,4717,8964,4929,24029,1718,1309,1090,607,12083,7749,4334
West Roxbury,2001,28922.2,3562.4,2582.2,5715.9,8583.1,2719.1,5759.5,2667.266667,5091.6,4744.933333,9241.333333,5085.333333,23856.3,1842.1,1435.4,1178.6,609.8,12170.7,7797.8,4372.9
West Roxbury,2002,29091.4,3593.8,2622.4,5674.8,8618.2,2854.2,5728,2621.533333,5078.2,4772.866667,9518.666667,5241.666667,23683.6,1966.2,1561.8,1267.2,612.6,12258.4,7846.6,4411.8
West Roxbury,2003,29260.6,3625.2,2662.6,5633.7,8653.3,2989.3,5696.5,2575.8,5064.8,4800.8,9796,5398,23510.9,2090.3,1688.2,1355.8,615.4,12346.1,7895.4,4450.7
West Roxbury,2004,29429.8,3656.6,2702.8,5592.6,8688.4,3124.4,5665,2530.066667,5051.4,4828.733333,10073.33333,5554.333333,23338.2,2214.4,1814.6,1444.4,618.2,12433.8,7944.2,4489.6
West Roxbury,2005,29599,3688,2743,5551.5,8723.5,3259.5,5633.5,2484.333333,5038,4856.666667,10350.66667,5710.666667,23165.5,2338.5,1941,1533,621,12521.5,7993,4528.5
West Roxbury,2006,29768.2,3719.4,2783.2,5510.4,8758.6,3394.6,5602,2438.6,5024.6,4884.6,10628,5867,22992.8,2462.6,2067.4,1621.6,623.8,12609.2,8041.8,4567.4
West Roxbury,2007,29937.4,3750.8,2823.4,5469.3,8793.7,3529.7,5570.5,2392.866667,5011.2,4912.533333,10905.33333,6023.333333,22820.1,2586.7,2193.8,1710.2,626.6,12696.9,8090.6,4606.3
West Roxbury,2008,30106.6,3782.2,2863.6,5428.2,8828.8,3664.8,5539,2347.133333,4997.8,4940.466667,11182.66667,6179.666667,22647.4,2710.8,2320.2,1798.8,629.4,12784.6,8139.4,4645.2
West Roxbury,2009,30275.8,3813.6,2903.8,5387.1,8863.9,3799.9,5507.5,2301.4,4984.4,4968.4,11460,6336,22474.7,2834.9,2446.6,1887.4,632.2,12872.3,8188.2,4684.1
West Roxbury,2010,30445,3845,2944,5346,8899,3935,5476,2255.666667,4971,4996.333333,11737.33333,6492.333333,22302,2959,2573,1976,635,12960,8237,4723
West Roxbury,2011,31142,4006.8,2960,5446.2,9033,4103,5593,2209.933333,4957.6,5024.266667,12014.66667,6648.666667,22550.6,3069.8,2749.2,2093.6,678.8,13119.4,8368,4751.4
West Roxbury,2012,31839,4168.6,2976,5546.4,9167,4271,5710,2164.2,4944.2,5052.2,12292,6805,22799.2,3180.6,2925.4,2211.2,722.6,13278.8,8499,4779.8
West Roxbury,2013,32536,4330.4,2992,5646.6,9301,4439,5827,2118.466667,4930.8,5080.133333,12569.33333,6961.333333,23047.8,3291.4,3101.6,2328.8,766.4,13438.2,8630,4808.2
West Roxbury,2014,33233,4492.2,3008,5746.8,9435,4607,5944,2072.733333,4917.4,5108.066667,12846.66667,7117.666667,23296.4,3402.2,3277.8,2446.4,810.2,13597.6,8761,4836.6
West Roxbury,2015,33930,4654,3024,5847,9569,4775,6061,2027,4904,5136,13124,7274,23545,3513,3454,2564,854,13757,8892,4865
West Roxbury,2016,33728,4360,3086,5954.5,9571.374442,4776.184864,6062.50397,1838.5,4895.5,5074.5,13425,6283.5,23064.5,3803.5,3415,2532,913,13845,8898.5,4946.5
West Roxbury,2017,33526,4066,3148,6062,9573.748294,4777.369433,6064.007567,1650,4887,5013,13726,5293,22584,4094,3376,2500,972,13933,8905,5028
West Roxbury,2018,32871,4067.007933,3148.780367,6063.502727,9576.121559,4778.553709,6065.510792,1650.409023,4888.211453,5014.242687,13729.40258,5294.312097,22028.66667,3833.333333,3439.666667,2483.666667,1085.666667,13752,8907.207486,5029.246406
West Roxbury,2019,32216,4068.015615,3149.56054,6065.005081,9578.494235,4779.737692,6067.013644,1650.817945,4889.422605,5015.485066,13732.80431,5295.623869,21473.33333,3572.666667,3503.333333,2467.333333,1199.333333,13571,8909.414426,5030.492502
West Roxbury,2020,31561,4069.023049,3150.340521,6066.507064,9580.866324,4780.921381,6068.516124,1651.226766,4890.633458,5016.727138,13736.20521,5296.935316,20918,3312,3567,2451,1313,13390,8911.620819,5031.73829
